{"stats":{"minecraft:dropped":{"alexsmobs:maggot":1,"chococraft:gysahl_green_seeds":1,"minecraft:wooden_pickaxe":1},"minecraft:custom":{"minecraft:time_since_rest":5390,"minecraft:sprint_one_cm":52947,"minecraft:damage_taken":207,"minecraft:walk_one_cm":33329,"minecraft:mob_kills":2,"minecraft:drop":3,"minecraft:damage_dealt":220,"minecraft:interact_with_crafting_table":8,"minecraft:fly_one_cm":50057,"minecraft:open_chest":41,"minecraft:open_barrel":1,"minecraft:crouch_one_cm":1656,"minecraft:play_time":28423,"minecraft:deaths":1,"minecraft:sneak_time":754,"minecraft:walk_under_water_one_cm":543,"minecraft:boat_one_cm":68363,"minecraft:jump":268,"minecraft:leave_game":4,"minecraft:time_since_death":5362,"minecraft:walk_on_water_one_cm":275,"minecraft:total_world_time":28423,"minecraft:climb_one_cm":529,"minecraft:fall_one_cm":7822},"minecraft:killed_by":{"minecraft:guardian":1},"minecraft:killed":{"minecraft:skeleton":1,"alexsmobs:fly":1},"minecraft:crafted":{"minecraft:oak_boat":1,"minecraft:oak_planks":16,"minecraft:crafting_table":1,"minecraft:stick":8,"minecraft:wooden_pickaxe":1,"minecraft:stone_pickaxe":1,"minecraft:stone_sword":1,"minecraft:stone_axe":1},"minecraft:picked_up":{"minecraft:crafting_table":3,"minecraft:stick":7,"minecraft:oak_log":15,"chococraft:gysahl_green_seeds":2,"minecraft:redstone":10,"minecraft:raw_copper":3,"minecraft:arrow":1,"chococraft:gysahl_green":5,"create:copper_casing":1,"alexsmobs:maggot":1,"iceandfire:raw_silver":1,"minecraft:cobblestone":13},"minecraft:used":{"minecraft:stone_sword":9,"minecraft:stone_pickaxe":11,"minecraft:iron_helmet":1,"minecraft:wooden_pickaxe":3,"minecraft:stone_axe":13,"minecraft:cobblestone":4,"minecraft:crafting_table":3,"chococraft:gysahl_green":4,"minecraft:oak_boat":1},"minecraft:mined":{"minecraft:black_stained_glass_pane":2,"iceandfire:silver_ore":1,"minecraft:crafting_table":3,"minecraft:grass":8,"biomesoplenty:bush":24,"chococraft:gysahl_green":2,"minecraft:oak_log":15,"minecraft:chest":1,"minecraft:tall_grass":3,"minecraft:stone":13,"minecraft:oak_leaves":18}},"DataVersion":3465}