{"stats":{"minecraft:mined":{"minecraft:fire":7,"minecraft:rose_bush":1},"minecraft:picked_up":{"minecraft:netherite_boots":1,"minecraft:stick":5,"minecraft:lime_bed":1,"minecraft:basalt":10,"minecraft:netherite_pickaxe":1,"minecraft:netherite_leggings":1,"minecraft:dirt":58,"minecraft:apple":1,"minecraft:netherite_helmet":1,"minecraft:wheat_seeds":2,"minecraft:netherite_sword":1,"minecraft:crossbow":1,"minecraft:golden_apple":128,"minecraft:netherite_axe":1,"minecraft:totem_of_undying":3,"minecraft:netherite_chestplate":1,"minecraft:oak_sapling":3,"minecraft:chest":1,"minecraft:oak_planks":2,"minecraft:cobblestone":7,"minecraft:ender_pearl":32},"minecraft:dropped":{"minecraft:dirt":8,"minecraft:wheat_seeds":2},"minecraft:killed_by":{"witherstormmod:wither_storm":1},"minecraft:used":{"minecraft:netherite_sword":6,"minecraft:ender_pearl":1,"minecraft:totem_of_undying":1,"minecraft:golden_apple":5,"minecraft:dirt":5,"minecraft:oak_sapling":3,"minecraft:crossbow":6},"minecraft:custom":{"minecraft:time_since_rest":270,"minecraft:damage_absorbed":179,"minecraft:damage_taken":947,"minecraft:sprint_one_cm":39874,"minecraft:walk_one_cm":11821,"minecraft:drop":10,"minecraft:damage_dealt":580,"minecraft:fly_one_cm":42495,"minecraft:open_chest":4,"minecraft:play_time":8802,"minecraft:deaths":1,"minecraft:jump":222,"minecraft:time_since_death":251,"minecraft:climb_one_cm":529,"minecraft:total_world_time":8802,"minecraft:fall_one_cm":10822}},"DataVersion":3465}