{"stats":{"minecraft:mined":{"minecraft:fire":7,"minecraft:rose_bush":1},"minecraft:picked_up":{"minecraft:lime_bed":2,"minecraft:stick":6,"minecraft:netherite_boots":2,"minecraft:magma_block":1,"minecraft:smooth_basalt":6,"minecraft:stone":2,"minecraft:basalt":20,"minecraft:andesite":64,"minecraft:golden_leggings":1,"minecraft:diamond_sword":1,"minecraft:wither_rose":2,"minecraft:flint":1,"minecraft:amethyst_block":5,"minecraft:netherite_pickaxe":2,"minecraft:netherite_leggings":2,"minecraft:lapis_lazuli":25,"alexsmobs:animal_dictionary":1,"minecraft:dirt":154,"minecraft:arrow":1,"minecraft:diamond_chestplate":2,"minecraft:apple":2,"minecraft:diamond":4,"minecraft:netherite_helmet":2,"minecraft:wheat_seeds":2,"minecraft:netherite_sword":2,"minecraft:crossbow":3,"minecraft:iron_nugget":280,"minecraft:netherite_axe":2,"minecraft:golden_apple":251,"minecraft:bookshelf":49,"create:shaft":7,"minecraft:gold_ingot":10,"minecraft:totem_of_undying":5,"minecraft:netherite_chestplate":2,"minecraft:mangrove_fence_gate":1,"minecraft:oak_sapling":4,"minecraft:chest":3,"minecraft:oak_planks":4,"minecraft:cobblestone":14,"minecraft:ender_pearl":62},"minecraft:killed":{"minecraft:skeleton":1},"minecraft:dropped":{"minecraft:dirt":8,"minecraft:wheat_seeds":2},"minecraft:killed_by":{"witherstormmod:wither_storm":4},"minecraft:used":{"minecraft:netherite_axe":4,"minecraft:ender_pearl":2,"minecraft:totem_of_undying":2,"minecraft:golden_apple":16,"minecraft:dirt":5,"minecraft:oak_sapling":3,"minecraft:crossbow":8,"minecraft:netherite_sword":98},"minecraft:custom":{"minecraft:damage_taken":3019,"minecraft:damage_absorbed":643,"minecraft:time_since_rest":1364,"minecraft:sprint_one_cm":62955,"minecraft:walk_one_cm":17476,"minecraft:mob_kills":1,"minecraft:drop":10,"minecraft:damage_dealt":10436,"minecraft:fly_one_cm":90937,"minecraft:open_chest":7,"minecraft:play_time":16805,"minecraft:deaths":4,"minecraft:sneak_time":25,"minecraft:jump":397,"minecraft:leave_game":2,"minecraft:time_since_death":1338,"minecraft:walk_on_water_one_cm":1475,"minecraft:total_world_time":16805,"minecraft:climb_one_cm":529,"minecraft:fall_one_cm":21142}},"DataVersion":3465}