{"stats":{"minecraft:mined":{"create:deepslate_zinc_ore":36,"minecraft:white_bed":2,"create:copper_casing":1,"create:andesite_casing":21,"alexsmobs:leafcutter_anthill":1,"minecraft:obsidian":9,"minecraft:granite":37,"minecraft:budding_amethyst":3,"minecraft:grass_block":14,"minecraft:infested_cobblestone":1,"biomesoplenty:flowering_oak_leaves":1,"minecraft:white_concrete":4,"minecraft:magma_block":1,"minecraft:iron_ore":281,"minecraft:cobbled_deepslate":9,"minecraft:fire":3,"minecraft:barrel":1,"minecraft:anvil":1,"minecraft:deepslate_lapis_ore":6,"iceandfire:crackled_dirt":3,"minecraft:brown_bed":1,"create:asurine":43,"chococraft:gysahl_green":15,"create:mechanical_press":7,"minecraft:deepslate_redstone_ore":11,"create:cogwheel":8,"samurai_dynasty:spirit_stone_base":1,"minecraft:blackstone":17,"minecraft:smoker":4,"minecraft:note_block":2,"minecraft:dark_oak_wood":2,"minecraft:blast_furnace":1,"minecraft:calcite":13,"minecraft:melon":2,"minecraft:mangrove_fence_gate":1,"minecraft:cobblestone":13,"minecraft:damaged_anvil":1,"minecraft:oak_planks":20,"minecraft:amethyst_block":5,"minecraft:deepslate_copper_ore":4,"create:basin":2,"minecraft:seagrass":1,"iceandfire:crackled_stone":3,"minecraft:birch_log":5,"samurai_dynasty:deepslate_silver_ore":16,"samurai_dynasty:deepslate_jade_ore":1,"create:mechanical_mixer":4,"minecraft:stripped_oak_wood":8,"minecraft:grass":25,"minecraft:oak_log":146,"create:hand_crank":6,"minecraft:sand":19,"minecraft:dirt":19,"minecraft:smooth_basalt":6,"minecraft:wither_skeleton_skull":2,"minecraft:netherrack":75,"minecraft:deepslate":1005,"minecraft:oak_leaves":38,"create:zinc_ore":39,"minecraft:tuff":126,"iceandfire:silver_ore":16,"samurai_dynasty:deepslate_aquamarine_ore":9,"minecraft:deepslate_diamond_ore":160,"minecraft:dark_oak_log":3,"iceandfire:crackled_gravel":5,"biomesoplenty:bush":1,"samurai_dynasty:onyx_ore":2,"create:depot":2,"iceandfire:deepslate_silver_ore":4,"minecraft:furnace":18,"minecraft:raw_gold_block":48,"minecraft:andesite":579,"minecraft:bookshelf":22,"minecraft:deepslate_iron_ore":21,"minecraft:lantern":1,"minecraft:stripped_oak_log":29,"minecraft:stone":800,"samurai_dynasty:deepslate_onyx_ore":7,"minecraft:mangrove_stairs":2,"minecraft:redstone_block":2,"minecraft:basalt":173,"biomesoplenty:black_sand":2,"minecraft:crafting_table":12,"minecraft:lectern":1,"minecraft:copper_ore":11,"minecraft:tall_grass":1,"minecraft:lapis_ore":7,"biomesoplenty:sprout":4,"minecraft:deepslate_gold_ore":45,"minecraft:diorite":85,"create:blaze_burner":2,"minecraft:lime_bed":2,"create:gearbox":1,"minecraft:birch_leaves":2,"minecraft:white_carpet":8,"minecraft:coal_ore":124,"minecraft:gravel":6,"minecraft:gold_ore":28,"minecraft:fern":1},"minecraft:picked_up":{"minecraft:iron_chestplate":3,"chococraft:loverly_gysahl_green":1,"minecraft:redstone_block":2,"minecraft:anvil":1,"minecraft:diamond_sword":10,"minecraft:brown_bed":1,"minecraft:amethyst_block":10,"minecraft:string":4,"minecraft:raw_copper":97,"iceandfire:sea_serpent_scales_teal":9,"minecraft:iron_leggings":3,"minecraft:cobbled_deepslate":1407,"minecraft:diamond_leggings":2,"create:mechanical_press":7,"minecraft:gold_nugget":1,"samurai_dynasty:raw_silver":28,"minecraft:calcite":13,"samurai_dynasty:onyx":9,"minecraft:iron_pickaxe":5,"minecraft:melon_slice":9,"minecraft:iron_boots":2,"minecraft:furnace":29,"minecraft:stick":18,"create:mechanical_mixer":3,"iceandfire:crackled_dirt":3,"create:andesite_casing":21,"minecraft:porkchop":13,"iceandfire:crackled_gravel":5,"minecraft:diorite":86,"minecraft:mangrove_stairs":1,"minecraft:rotten_flesh":8,"create:copper_casing":1,"create:asurine":63,"minecraft:blaze_rod":3,"minecraft:obsidian":9,"minecraft:cobblestone":726,"minecraft:birch_log":5,"minecraft:magma_block":1,"minecraft:magma_cream":1,"minecraft:andesite":561,"minecraft:brown_wool":1,"minecraft:smoker":4,"minecraft:tuff":126,"create:raw_zinc":109,"minecraft:wither_skeleton_skull":2,"minecraft:lapis_lazuli":120,"minecraft:dirt":31,"minecraft:lantern":1,"minecraft:bone":14,"minecraft:glass":2,"minecraft:bow":7,"minecraft:wheat_seeds":7,"minecraft:raw_gold":156,"minecraft:mangrove_fence_gate":2,"minecraft:diamond_helmet":1,"minecraft:oak_planks":170,"samurai_dynasty:tanuki_statue":1,"create:cogwheel":9,"minecraft:sand":20,"samurai_dynasty:silver_ingot":14,"minecraft:grass_block":1,"minecraft:dark_oak_log":5,"minecraft:barrel":1,"minecraft:diamond":382,"iceandfire:crackled_stone":3,"minecraft:crossbow":1,"minecraft:granite":35,"minecraft:white_concrete":4,"minecraft:spruce_sign":1,"alexsmobs:maggot":1,"minecraft:oak_sapling":2,"minecraft:netherrack":69,"iceandfire:raw_silver":29,"minecraft:diamond_pickaxe":3,"iceandfire:dragon_skull_lightning":3,"minecraft:crafting_table":12,"minecraft:wooden_pickaxe":5,"minecraft:shield":2,"minecraft:stone_stairs":2,"minecraft:moss_carpet":13,"minecraft:iron_axe":2,"minecraft:white_carpet":6,"minecraft:blackstone":24,"minecraft:beef":74,"minecraft:oak_boat":7,"minecraft:player_head":1,"create:basin":2,"minecraft:lectern":1,"minecraft:chest":1,"minecraft:birch_sapling":2,"samurai_dynasty:aquamarine":18,"minecraft:egg":3,"minecraft:raw_iron":307,"iceandfire:dragonbone":22,"minecraft:raw_gold_block":72,"minecraft:copper_ingot":5,"alexsmobs:straddlite":1,"minecraft:note_block":2,"create:hand_crank":8,"minecraft:redstone":104,"create:zinc_ingot":11,"minecraft:polished_granite_stairs":4,"iceandfire:silver_ingot":7,"minecraft:arrow":7,"minecraft:diamond_chestplate":2,"minecraft:diamond_boots":3,"create:depot":2,"minecraft:gold_ingot":5,"minecraft:mutton":25,"minecraft:white_wool":13,"minecraft:stripped_oak_log":29,"minecraft:lime_bed":4,"create:iron_sheet":21,"minecraft:basalt":170,"minecraft:leather":48,"samurai_dynasty:jade":3,"minecraft:oak_log":183,"iceandfire:ectoplasm":3,"minecraft:gunpowder":1,"create:blaze_burner":2,"minecraft:paper":7,"minecraft:white_banner":1,"chococraft:chocobo_feather":4,"chococraft:gysahl_green":59,"minecraft:apple":2,"minecraft:iron_ingot":71,"minecraft:stone_pickaxe":1,"minecraft:stripped_oak_wood":8,"minecraft:book":66,"minecraft:smooth_basalt":12,"minecraft:gravel":6,"chococraft:gysahl_green_seeds":5,"minecraft:blast_furnace":1,"minecraft:white_bed":2,"minecraft:spider_eye":1,"create:gearbox":1,"minecraft:stone_axe":1,"minecraft:iron_helmet":2,"minecraft:diamond_axe":2,"minecraft:oak_button":2,"minecraft:damaged_anvil":1,"minecraft:dark_oak_wood":2,"minecraft:coal":258},"minecraft:killed":{"minecraft:spider":4,"minecraft:skeleton":5,"minecraft:silverfish":2,"alexsmobs:straddler":3,"minecraft:magma_cube":1,"minecraft:pig":5,"alexsmobs:stradpole":1,"minecraft:creeper":4,"minecraft:sheep":14,"minecraft:pillager":7,"minecraft:zombie":15,"alexsmobs:maned_wolf":1,"minecraft:blaze":5,"iceandfire:sea_serpent":1,"minecraft:cow":19,"alexsmobs:tasmanian_devil":1,"samurai_dynasty:tanuki":1,"iceandfire:ghost":3},"minecraft:crafted":{"minecraft:oak_planks":500,"minecraft:smooth_stone":14,"minecraft:birch_boat":1,"samurai_dynasty:katana":1,"minecraft:stone":16,"minecraft:diamond_shovel":1,"minecraft:cooked_mutton":16,"minecraft:glass":16,"minecraft:diamond_helmet":6,"minecraft:diamond_leggings":3,"minecraft:iron_boots":2,"create:mechanical_press":2,"minecraft:chest":10,"create:cogwheel":21,"create:depot":1,"samurai_dynasty:steel_ingot":11,"minecraft:cooked_porkchop":1,"minecraft:diamond_axe":2,"minecraft:crafting_table":16,"minecraft:wooden_pickaxe":4,"minecraft:iron_helmet":2,"minecraft:raw_gold_block":16,"minecraft:copper_ingot":49,"minecraft:birch_planks":20,"create:mechanical_mixer":2,"samurai_dynasty:katana_handle":1,"create:gearbox":1,"minecraft:iron_chestplate":2,"minecraft:diamond_pickaxe":12,"minecraft:shield":2,"minecraft:stick":104,"minecraft:iron_ingot":295,"minecraft:iron_pickaxe":9,"minecraft:iron_block":1,"minecraft:gold_ingot":90,"samurai_dynasty:odachi":1,"create:empty_blaze_burner":6,"create:wrench":1,"minecraft:iron_nugget":639,"samurai_dynasty:silver_ingot":14,"minecraft:furnace":18,"minecraft:blast_furnace":1,"minecraft:diamond":90,"minecraft:iron_axe":3,"minecraft:stone_pickaxe":7,"minecraft:diamond_boots":4,"minecraft:redstone_block":1,"create:basin":2,"minecraft:dark_oak_planks":12,"minecraft:cooked_beef":28,"create:andesite_alloy":159,"create:hand_crank":4,"minecraft:diamond_sword":12,"iceandfire:silver_ingot":7,"minecraft:iron_sword":1,"create:goggles":1,"minecraft:stone_axe":3,"minecraft:air":0,"minecraft:oak_boat":10,"minecraft:oak_chest_boat":1,"create:whisk":2,"minecraft:golden_apple":2,"minecraft:gold_nugget":9,"minecraft:raw_gold":216,"minecraft:iron_leggings":2,"minecraft:anvil":1,"minecraft:white_bed":2,"create:shaft":32,"create:zinc_ingot":14,"minecraft:lapis_lazuli":108,"minecraft:diamond_chestplate":6},"minecraft:dropped":{"minecraft:spruce_sign":1,"chococraft:loverly_gysahl_green":1,"minecraft:glass_bottle":1,"minecraft:lantern":1,"create:cogwheel":1,"minecraft:dirt":8,"minecraft:mangrove_stairs":1,"minecraft:gold_nugget":2,"minecraft:sand":1,"minecraft:dark_oak_planks":1,"minecraft:gold_ingot":9,"minecraft:bone":5,"minecraft:gravel":3,"minecraft:note_block":2,"minecraft:stone_axe":1,"minecraft:iron_nugget":3,"minecraft:rotten_flesh":3,"minecraft:oak_planks":1,"minecraft:stone_stairs":2,"minecraft:gunpowder":1,"create:depot":1,"minecraft:basalt":1,"minecraft:arrow":7,"create:andesite_alloy":3,"minecraft:egg":1,"minecraft:iron_ingot":37,"minecraft:wheat_seeds":7,"minecraft:cobblestone":1,"chococraft:gysahl_green_seeds":5,"minecraft:granite":17,"minecraft:copper_ingot":9,"minecraft:stick":9,"minecraft:diorite":54,"minecraft:white_concrete":4,"minecraft:diamond_helmet":2,"minecraft:paper":7,"create:copper_casing":1,"minecraft:redstone":10,"minecraft:furnace":3,"minecraft:moss_carpet":13,"alexsmobs:maggot":1,"create:shaft":2,"minecraft:raw_copper":3,"chococraft:chocobo_feather":1,"minecraft:tuff":45,"minecraft:white_carpet":6,"minecraft:damaged_anvil":1,"minecraft:diamond_sword":14,"minecraft:polished_granite_stairs":2,"minecraft:oak_button":2,"create:zinc_ingot":5,"minecraft:diamond_pickaxe":1,"minecraft:andesite":43,"create:hand_crank":1,"minecraft:brown_bed":1,"minecraft:spider_eye":1,"minecraft:barrel":1,"samurai_dynasty:jade":1,"minecraft:diamond_boots":1,"minecraft:bow":2,"minecraft:wooden_pickaxe":3,"minecraft:calcite":13,"iceandfire:dragon_skull_lightning":3},"minecraft:broken":{"minecraft:stone_pickaxe":4,"minecraft:iron_pickaxe":2},"minecraft:killed_by":{"minecraft:wither_skeleton":1,"minecraft:creeper":1,"iceandfire:siren":1,"alexsmobs:straddler":6,"minecraft:magma_cube":3,"minecraft:blaze":1,"alexsmobs:bison":1,"minecraft:skeleton":6},"minecraft:used":{"minecraft:chest":14,"minecraft:shield":21,"minecraft:iron_sword":70,"minecraft:rotten_flesh":2,"minecraft:mutton":5,"create:cogwheel":15,"create:depot":3,"minecraft:tuff":44,"minecraft:obsidian":10,"minecraft:dark_oak_wood":2,"minecraft:oak_sapling":1,"minecraft:furnace":26,"minecraft:egg":1,"minecraft:oak_chest_boat":1,"minecraft:diorite":2,"minecraft:wither_skeleton_skull":2,"minecraft:stone_pickaxe":780,"minecraft:oak_planks":100,"minecraft:wooden_pickaxe":51,"minecraft:redstone_block":2,"minecraft:diamond_axe":208,"minecraft:golden_apple":1,"minecraft:sand":1,"minecraft:blast_furnace":1,"minecraft:melon_slice":9,"create:andesite_casing":3,"minecraft:diamond_sword":35,"minecraft:fire_charge":1,"create:basin":3,"minecraft:andesite":12,"chococraft:gysahl_green":37,"minecraft:oak_boat":8,"minecraft:enchanting_table":1,"minecraft:netherrack":8,"minecraft:dirt":16,"minecraft:anvil":2,"create:mechanical_mixer":5,"minecraft:granite":1,"minecraft:bookshelf":15,"create:gearbox":1,"create:wrench":4,"minecraft:iron_axe":109,"minecraft:diamond_chestplate":4,"minecraft:basalt":40,"minecraft:golden_carrot":8,"minecraft:beef":7,"minecraft:cooked_beef":17,"minecraft:cobbled_deepslate":332,"minecraft:cooked_mutton":9,"minecraft:birch_planks":7,"create:blaze_burner":3,"minecraft:salmon":6,"minecraft:lime_bed":2,"minecraft:crafting_table":27,"minecraft:white_bed":3,"minecraft:cod":4,"minecraft:smoker":2,"minecraft:oak_log":22,"minecraft:diamond_pickaxe":2121,"minecraft:diamond_shovel":19,"create:mechanical_press":8,"minecraft:iron_pickaxe":1058,"minecraft:stone_axe":78,"minecraft:cobblestone":49,"minecraft:potion":1,"minecraft:porkchop":1,"minecraft:white_banner":1,"minecraft:cooked_porkchop":1,"samurai_dynasty:odachi":29,"create:hand_crank":10,"minecraft:stripped_oak_log":24,"minecraft:diamond_leggings":1},"minecraft:custom":{"minecraft:interact_with_crafting_table":129,"minecraft:open_barrel":8,"minecraft:leave_game":4,"minecraft:time_since_death":62921,"minecraft:sprint_one_cm":807969,"minecraft:damage_blocked_by_shield":1335,"minecraft:drop":156,"minecraft:play_noteblock":3,"minecraft:play_time":481100,"minecraft:deaths":29,"minecraft:jump":5811,"minecraft:walk_on_water_one_cm":21702,"minecraft:enchant_item":29,"minecraft:interact_with_furnace":171,"minecraft:sleep_in_bed":19,"minecraft:damage_dealt":16038,"minecraft:crouch_one_cm":97837,"minecraft:interact_with_smoker":8,"minecraft:horse_one_cm":9910,"minecraft:interact_with_anvil":13,"minecraft:mob_kills":95,"minecraft:climb_one_cm":2749,"minecraft:walk_one_cm":665518,"minecraft:sneak_time":38795,"minecraft:walk_under_water_one_cm":20962,"minecraft:boat_one_cm":488756,"minecraft:interact_with_blast_furnace":20,"minecraft:total_world_time":481100,"minecraft:tune_noteblock":1,"minecraft:time_since_rest":23331,"minecraft:damage_absorbed":41,"minecraft:damage_taken":9688,"minecraft:trigger_trapped_chest":2,"minecraft:swim_one_cm":92872,"minecraft:fly_one_cm":1114909,"minecraft:open_chest":198,"minecraft:fall_one_cm":177587}},"DataVersion":3465}